{
  "courses": [
    {
      "id": 5,
      "title": "Building Applications with React and Redux",
      "slug": "react-redux-react-router-es6",
      "authorId": 1,
      "category": "JavaScript"
    },
    {
      "id": 6,
      "title": "Building Applications in React and Flux",
      "slug": "react-flux-building-applications",
      "authorId": 1,
      "category": "JavaScript"
    },
    {
      "id": 7,
      "title": "Clean Code: Writing Code for Humans",
      "slug": "writing-clean-code-humans",
      "authorId": 1,
      "category": "Software Practices"
    },
    {
      "id": 8,
      "title": "Architecting Applications for the Real World",
      "slug": "architecting-applications-dotnet",
      "authorId": 1,
      "category": "Software Architecture"
    },
    {
      "id": 9,
      "title": "Becoming an Outlier: Reprogramming the Developer Mind",
      "slug": "career-reboot-for-developer-mind",
      "authorId": 1,
      "category": "Career"
    },
    {
      "id": 10,
      "title": "Web Component Fundamentals",
      "slug": "web-components-shadow-dom",
      "authorId": 1,
      "category": "HTML5"
    },
    {
      "id": 11,
      "slug": "sdgdsa",
      "title": "sdgdsa",
      "authorId": 1,
      "category": "casa",
      "createdAt": 1558974773298
    },
    {
      "id": 12,
      "slug": "sadgdas",
      "title": "sadgdas",
      "authorId": 1,
      "category": "cat",
      "createdAt": 1558974933115
    }
  ],
  "authors": [
    {
      "id": 1,
      "name": "Cory House"
    },
    {
      "id": 2,
      "name": "Scott Allen"
    },
    {
      "id": 3,
      "name": "Dan Wahlin"
    }
  ]
}